<?xml version="1.0"?>
<doc>
    <assembly>
        <name>PathOfEmulator.API</name>
    </assembly>
    <members>
        <member name="M:PathOfEmulator.API.Controllers.CharacterWindowController.GetCharacters(System.String)">
            <summary>
            Gets all the characters for a user profile
            </summary>
            <param name="accountName">The Account Name for the user</param>
            <returns>tThe characters for said user</returns>
        </member>
        <member name="M:PathOfEmulator.API.Controllers.OAuthController.Authorize(System.String,System.String,System.String,System.String,System.String)">
            <summary>
            OAuth 2.0 Endpoint used to prompt the user to login
            </summary>
            <param name="client_id">Client Id for your Application, Provided by GGG in production, set in appsettings.json here</param>
            <param name="response_type">Should always be code</param>
            <param name="scope">Space delimited set of Scopes your app needs to access. Known scopes are "profile" and "item_filter"</param>
            <param name="redirect_uri">Url your application listens on for the user to be redirected to with the "code" query param</param>
            <param name="state">Persistent state to be passed as a query param "state" back to your redirect URL</param>
            <returns>302 Redirect to the 'redirect_uri' uri provided, with "scope" and "state" params provided</returns>
        </member>
        <member name="M:PathOfEmulator.API.Controllers.OAuthController.Token(System.String,System.String,System.String,System.String,System.String)">
            <summary>
            Endpoint to generate (Temporary? Permanent? Requires confirmation by GGG) Access Tokens for API usage
            </summary>
            <param name="client_id">Client Id for your Application, Provided by GGG in production, set in appsettings.json here</param>
            <param name="client_secret">Client Secret for your Application, Provided by GGG in production, set in appsettings.json here</param>
            <param name="code">Access Code for the user (obtained via the Authorize Endpoint)</param>
            <param name="grant_type">Should always be "authorization_code"</param>
            <param name="redirect_uri">Url your application listens on for the user to be redirected to with the following query params</param>
            <returns>
            "access_token" - Access Token for user
            "scope" - space delimited scopes this access token applies to
            "expires_in" (optional) - Non expiring tokens wont have this param. Int value for how many seconds until the token expires.
            </returns>
        </member>
        <member name="M:PathOfEmulator.API.Controllers.ProfileController.Get">
            <summary>
            Gets the profile for the Authorized user. Requires Authorization for scope "profile"
            </summary>
        </member>
    </members>
</doc>
